obs,Site,Latitude,Longitude,tm,ts,tn,cm,cs,cn,MAP,N_addtion,pH,MAT,SOC,TN,TP,CNR,NPR,MBC,MBN,MCNR
1,1,29.33,101.5,0.431728045,0.027,3,0.428328612,0.025,3,>800,<100,6.03,14,32.68,3.19,0.94775,10.04,3.35,233.1,37.53,6.2
2,1,29.33,101.5,0.47082153,0.012,3,0.428328612,0.025,3,>800,<100,5.91,14,20.59,1.93,1.03995,10.39,1.81,208.47,35.67,5.844407065
3,1,29.33,101.5,0.48101983,0.02,3,0.428328612,0.025,3,>800,<100,5.66,14,27.14,3.15,1.09737,12.44,2.03,162.1,35.1,4.618233618
4,1,30.33,102.25,0.447025496,0.019,3,0.389235127,0.051,3,>800,<100,5.74,14,31.3,2.3,1.09277,13.49,2.13,210.87,35.13,6.002561913
5,1,30.33,102.25,0.474220963,0.034,3,0.389235127,0.051,3,>800,<100,5.9,14,16.77,1.31,0.91463,11.47,1.72,171.07,35.1,4.873789174
6,1,30.33,102.25,0.482719547,0.02,3,0.389235127,0.051,3,>800,<100,5.63,14,15.85,2.19,0.85528,11.83,1.53,179.13,39.9,4.489473684
7,2,24.95,104.98,0.180645161,0.082,3,0.133333333,0.019,3,>800,<100,7.24,19,49.43,4.53,2.31,10.92,2.02,2185.46,355.3593496,6.15
8,2,24.95,104.98,0.262365591,0.106,3,0.133333333,0.019,3,>800,100-200,7.3,19,52.58,4.82,2.39,10.95,2,2356.73,394.7621441,5.97
9,2,25.09,105.06,0.405376344,0.084,3,0.174193548,0.102,3,>800,<100,7.5,19,56.6,5.17,1.76,10.92,3.03,2934.74,492.4060403,5.96
10,2,25.09,105.06,0.372043011,0.078,3,0.174193548,0.102,3,>800,100-200,7.46,19,67.37,6.19,2.07,10.9,3,3071.8,487.5873016,6.3
11,3,25.63,118.08,0.342274678,0.07,4,0.272532189,0.06,4,>800,<100,4.75,19.5,60.8,3.36,0.227,17.28,14.80176211,1747.1,94.07,18.57277477
12,3,25.72,118.33,0.39806867,0.04,4,0.272532189,0.06,4,>800,<100,4.5,19.5,61.78,3.62,0.2341,17.02,15.46347715,1377.5,89.71,15.35512821
13,4,25.63,118.08,0.542243437,0.015,4,0.519331742,0.027,4,>800,<100,4.75,15.6,60.8,3.36,NA,18.0952381,NA,1742.11,93.95,18.54294838
14,4,25.63,118.08,0.568973747,0.013,4,0.519331742,0.027,4,>800,<100,4.5,15.6,61.78,3.62,NA,17.06629834,NA,1371.47,89.79,15.27419534
15,5,25.63,118.08,0.466666667,0.037,4,0.525925926,0.048,4,>800,<100,3.96,19.5,25.91240876,3.71,2.03,15.37,1.96,621.98,57.85,10.75159896
16,5,25.63,118.08,0.468518519,0.041,4,0.525925926,0.048,4,>800,<100,3.96,19.5,14.96350365,3.74,2.76,15.5,1.378709677,602.81,48.84,12.34254709
17,6,28.11,111.9,0.113316583,0.004,3,0.132160804,0.011,3,>800,>200,6.48,17,17.48,1.87,NA,9.347593583,NA,801.4,119.6,6.93729097
18,7,26.75,111.86,0.63467048,0.02,4,0.666144005,0.013,4,>800,>200,4.41,18.1,10.51,1.35,1.28,7.785185185,1.0546875,86.52,NA,NA
19,8,28.11,112.3,0.492162162,0.039,4,0.477567568,0.021,4,>800,>200,5.8,17.2,20.23952096,2.169565217,NA,9.35,NA,1132,NA,NA
20,9,28.41,116.55,0.38,0.032,3,0.3102,0.023,3,>800,100-200,4.4,18,9.2,1.07,0.77,8.598130841,1.38961039,127.35,NA,NA
21,10,49.49,14.1,0.450828729,0.05,3,0.310276243,0.06,3,>800,100-200,5.1,7,43.9,4.2,0.3491,10.45238095,12.03093669,1367.9,NA,NA
22,10,49.49,14.1,0.41038674,0.05,3,0.310276243,0.06,3,>800,100-200,6,7,33.2,3.4,2.0497,9.764705882,1.658779334,901.9,NA,NA
23,10,49.49,14.1,0.430939227,0.05,3,0.310276243,0.06,3,>800,100-200,5.8,7,34.4,3.3,1.5234,10.42424242,2.166207168,1064.1,NA,NA
24,11,42.7,127.63,0.520588235,0.032,3,0.359049774,0.02,3,400-800,<100,5.2,4,114.62,8.11,1.41667,14.13316893,5.72,4191.2,317.96,13.18
25,11,42.7,127.63,0.259954751,0.016,3,0.359049774,0.02,3,400-800,100-200,5.1,4,135.26,9.71,1.26413,13.9299691,7.73,2928.25,243.79,12.07
26,11,42.7,127.63,0.208371041,0.012,3,0.169004525,0.01,3,400-800,<100,5.1,4,39.44,3.07,0.80733,12.84690554,3.83,1236.27,105.96,12.46
27,11,42.7,127.63,0.38959276,0.03,3,0.169004525,0.01,3,400-800,100-200,5.2,4,49.73,3.93,0.68147,12.65394402,5.73,1422.27,153.42,9.36
28,12,-33.94,150.67,0.154353699,0.03,4,0.132706428,0.016,4,400-800,<100,5.48,23.9,NA,NA,NA,NA,NA,484.7,NA,NA
29,12,-33.94,150.67,0.141798282,0.024,4,0.130108756,0.023,4,400-800,<100,5.46,23.9,NA,NA,NA,NA,NA,417.2,NA,NA
30,12,-33.94,150.67,0.131407592,0.029,4,0.16799148,0.066,4,400-800,<100,5.48,23.9,NA,NA,NA,NA,NA,484.7,NA,NA
31,12,-33.94,150.67,0.098936686,0.039,4,0.159549044,0.014,4,400-800,<100,5.46,23.9,NA,NA,NA,NA,NA,417.2,NA,NA
32,13,35,114.4,0.063991935,0.04,3,0.103427419,0.04,3,400-800,100-200,8.17,16.5,6.67,0.7,NA,9.52,NA,16.21,NA,NA
33,14,35.35,109.93,0.53202775,0.09,3,0.368584071,0.06,3,400-800,100-200,NA,11,NA,26.8,1.89,NA,14.2,33.33333333,18.02,1.849376114
34,14,35.35,109.93,0.563707248,0.006,3,0.388711678,0.025,3,400-800,100-200,NA,11,NA,24.3,1.53,NA,15.9,37.01298701,13.95,2.652597403
35,14,35.35,109.93,0.554404145,0.018,3,0.433506045,0.033,3,400-800,100-200,NA,11,NA,21.7,1.55,NA,14,28.63849765,10.12,2.829094307
36,15,38.71,118.88,0.041,0.011,3,0.072375,0.01,3,400-800,100-200,5.7,7.2,12.3,1.3,NA,9.461538462,NA,33.8,NA,NA
37,16,42.02,116.17,0.775800712,0.047,3,0.729537367,0.043,3,<400,<100,6.84,2.1,14,1.65,NA,9.28,NA,420,NA,NA
38,16,42.02,116.17,0.851720047,0.014,3,0.729537367,0.043,3,<400,>200,6.84,2.1,17.94,1.65,NA,8.79,NA,539.44,NA,NA
39,16,42.02,116.17,0.195729537,0.01,3,0.338078292,0.051,3,<400,<100,6.84,2.1,14,1.65,NA,9.28,NA,420,NA,NA
40,16,42.02,116.17,0.170818505,0.045,3,0.338078292,0.051,3,<400,>200,6.84,2.1,17.94,1.65,NA,8.79,NA,539.44,NA,NA
41,17,37.3,100.25,0.224907522,0.065,5,0.189395808,0.05,5,<400,<100,8.02,0.18,NA,NA,NA,NA,NA,785.3503185,NA,NA
42,17,37.3,100.25,0.264364982,0.045,5,0.189395808,0.05,5,<400,<100,7.9,0.18,NA,NA,NA,NA,NA,802.5477707,NA,NA
43,17,37.3,100.25,0.315166461,0.036,5,0.189395808,0.05,5,<400,100-200,7.9,0.18,NA,NA,NA,NA,NA,716.5605096,NA,NA
44,17,37.3,100.25,0.370406905,0.031,5,0.189395808,0.05,5,<400,>200,7.85,0.18,NA,NA,NA,NA,NA,731.8471338,NA,NA
45,18,55.401,13.384,0.085810811,0.01,3,0.090540541,0.017,3,400-800,<100,4,19,NA,NA,NA,NA,NA,NA,NA,NA
46,18,55.401,13.384,0.080689655,0.01,3,0.085517241,0.021,3,400-800,<100,4.4,19,NA,NA,NA,NA,NA,NA,NA,NA
47,18,55.401,13.384,0.089761092,0.027,3,0.087372014,0.005,3,>800,<100,4.4,19,NA,NA,NA,NA,NA,NA,NA,NA
48,18,55.401,13.384,0.071428571,0.016,3,0.086062718,0.022,3,>800,<100,5.1,19,NA,NA,NA,NA,NA,NA,NA,NA
49,19,37.48,101.2,0.134894699,0.035,3,0.20130719,0.036,3,400-800,100-200,7.42,-1.2,75.44,6.49,0.69,11.62403698,9.405797101,1260,NA,NA
50,19,37.75,101.38,0.690566038,0.124,3,0.61509434,0.168,3,400-800,100-200,7.42,-1.2,70.28,5.85,0.75,12.01367521,7.8,1150,NA,NA
51,20,28.116667,112.3,0.471035941,0.038,4,0.456659619,0.02,4,>800,>200,6.85,16.8,NA,NA,NA,NA,NA,1131.877729,NA,NA
52,21,25.635278,118.089444,0.341422594,0.071,4,0.272245467,0.06,4,>800,<100,4.75,15.6,60.8,3.37,0.227,17.28,14.84581498,1855.155875,98.19742489,18.8921031
53,21,25.635278,118.089444,0.39944212,0.035,4,0.272245467,0.06,4,>800,<100,4.5,15.6,61.79,3.35,0.2341,17.02,14.31012388,1524.220624,99.74248927,15.28155789
54,21,25.635278,118.089444,0.39832636,0.02,4,0.320223152,0.023,4,>800,<100,4.58,15.6,57.45,4.43,0.2432,12.99,18.21546053,1548.201439,102.3175966,15.13133117
55,21,25.635278,118.089444,0.423988842,0.031,4,0.320223152,0.023,4,>800,<100,4.46,15.6,58.03,4.65,0.2228,12.5,20.87073609,1365.947242,101.5450644,13.45163598
56,22,35.95,104.15,0.4,0.022,5,0.46870229,0.022,5,<400,<100,8.14,6.7,8.69,0.82,0.58,10.59756098,1.413793103,111.19,27.71,4.02
57,22,35.95,104.15,0.360305344,0.024,5,0.46870229,0.022,5,<400,<100,8.08,6.7,9.26,0.87,0.58,10.64367816,1.5,109.57,26.53,4.14
58,22,35.95,104.15,0.308396947,0.024,5,0.46870229,0.022,5,<400,<100,8.04,6.7,11.96,1.19,0.37,10.05042017,3.216216216,108.52,26.03,4.18
59,22,35.95,104.15,0.410687023,0.048,5,0.409160305,0.01,5,<400,<100,8.17,6.7,8.96,0.85,0.68,10.54117647,1.25,73.89,21.4,3.52
60,22,35.95,104.15,0.389312977,0.024,5,0.409160305,0.01,5,<400,<100,8.14,6.7,9.47,0.89,0.68,10.64044944,1.308823529,73.11,22.13,4.09
61,22,35.95,104.15,0.338931298,0.024,5,0.409160305,0.01,5,<400,<100,8.08,6.7,12.03,1.28,0.41,9.3984375,3.12195122,71.84,16.28,4.48
62,23,34.26,117.283,0.121890547,0.036,4,0.109452736,0.017,4,>800,>200,7.82,14,12.16,1.12,0.89,10.85714286,1.258426966,205.87,NA,NA
63,23,34.26,117.283,0.026119403,0.006,4,0.042288557,0.013,4,>800,>200,7.8,14,18.58,1.66,1.51,11.19277108,1.099337748,73.48,NA,NA
64,24,35.95,104.15,0.414031891,0.06,5,0.461047836,0.06,5,<400,<100,8.56,6.7,NA,NA,NA,NA,NA,344.2105263,27.49445676,12.53731343
65,24,35.95,104.15,0.426059226,0.04,5,0.461047836,0.06,5,<400,<100,8.54,6.7,NA,NA,NA,NA,NA,331.5789474,26.87361419,12.43781095
66,24,35.95,104.15,0.406378132,0.019,5,0.461047836,0.06,5,<400,<100,8.43,6.7,NA,NA,NA,NA,NA,283.1578947,23.41463415,11.94029851
67,24,35.95,104.15,0.368838269,0.07,5,0.461047836,0.06,5,<400,<100,8.4,6.7,NA,NA,NA,NA,NA,280,23.41463415,12.33830846
68,24,35.95,104.15,0.348063781,0.08,5,0.461047836,0.06,5,<400,<100,8.34,6.7,NA,NA,NA,NA,NA,180,23.41463415,7.76119403
69,25,37.6,101.31,0.001341014,0.01,3,0.00220907,0.01,3,400-800,100-200,7.28,-1.2,72,6.16,0.91,11.68831169,6.769230769,1383,NA,NA
70,25,37.6,101.31,0.006970223,0.01,3,0.006181082,0.02,3,400-800,100-200,6.13,-1.2,71.04,5.94,0.75,11.95959596,7.92,865.2,NA,NA
71,26,35.95,104.15,0.459349593,0.03,5,0.473170732,0.06,5,<400,<100,8.33,6.7,11.31,1.17,0.77,9.666666667,1.519480519,350.24,46.92,7.57
72,26,35.95,104.15,0.376693767,0.07,5,0.473170732,0.06,5,<400,<100,8.24,6.7,11.04,1.15,0.77,9.6,1.493506494,306.76,55.78,5.88
73,26,35.95,104.15,0.379132791,0.01,5,0.473170732,0.06,5,<400,<100,8.32,6.7,11,1.18,0.74,9.322033898,1.594594595,261.02,59.93,4.33
74,26,35.95,104.15,0.369918699,0.05,5,0.473170732,0.06,5,<400,<100,8.21,6.7,10.59,1.17,0.75,9.051282051,1.56,275.21,55.84,5.15
75,26,35.95,104.15,0.234688347,0.09,5,0.473170732,0.06,5,<400,100-200,8.02,6.7,9.89,1.04,0.73,9.509615385,1.424657534,218.01,63.34,3.48
76,27,47.43,126.63,0.544148586,0.028,3,0.520634921,0.038,3,400-800,100-200,6.2,2,NA,NA,NA,NA,NA,343.2989691,8.117359413,42.29195131
77,27,47.43,126.63,0.33015873,0.043,3,0.099470899,0.036,3,400-800,100-200,6,2,NA,NA,NA,NA,NA,190.2061856,7.726161369,24.61845883
78,28,33.35,109.93,0.255580866,0.029,3,0.203644647,0.018,3,400-800,100-200,NA,11,7.414584558,0.714285714,0.55203038,13.43147918,1.018159885,12.87553648,7.75862069,1.659513591
79,28,33.35,109.93,0.284168565,0.019,3,0.243280182,0.013,3,400-800,100-200,NA,11,8.677628356,0.798319328,0.599310094,14.47936293,1.099667449,18.88412017,8.836206897,2.137129697
80,28,33.35,109.93,0.296015936,0.017,3,0.262151394,0.035,3,400-800,100-200,NA,11,8.333333333,0.842105263,0.562376238,14.81807511,1.833235524,16.55480984,13.74207188,1.204680778
81,28,33.35,109.93,0.373815848,0.016,3,0.292197875,0.025,3,400-800,100-200,NA,11,8.8647343,0.884210526,0.598019802,14.82347954,1.812858633,50.38560411,23.4741784,2.146426735
82,28,33.35,109.93,0.347164592,0.031,3,0.231327801,0.013,3,400-800,100-200,NA,11,8.526570048,0.774566474,0.510891089,16.68960417,1.404214559,79.64205817,41.01479915,1.941788325
83,28,33.35,109.93,0.328146611,0.021,3,0.224412172,0.021,3,400-800,100-200,NA,11,8.816425121,0.843930636,0.586138614,15.0415361,1.457854406,127.9642058,58.56236786,1.786666667
84,29,52.9,10.45,0.264686684,0.05,4,0.131723238,0.05,4,400-800,100-200,5.6,10.4,8.39,0.56,0.559333333,15,1.001191895,NA,NA,NA
85,29,52.9,10.45,0.167754569,0.04,4,0.131723238,0.05,4,400-800,>200,5.8,10.4,8.67,0.56,0.578,15,0.968858131,NA,NA,NA
86,29,52.9,10.45,0.242950392,0.04,4,0.212793734,0.05,4,400-800,100-200,4.6,10.4,7.91,0.59,0.565,14,1.044247788,NA,NA,NA
87,29,52.9,10.45,0.164817232,0.05,4,0.212793734,0.05,4,400-800,>200,4.4,10.4,8.5,0.72,0.708333333,12,1.016470588,NA,NA,NA
88,29,52.9,10.45,0.351044386,0.07,4,0.280156658,0.05,4,400-800,100-200,5.3,10.4,8.66,0.6,0.577333333,15,1.03926097,NA,NA,NA
89,29,52.9,10.45,0.342036554,0.05,4,0.280156658,0.05,4,400-800,>200,5.2,10.4,8.17,0.52,0.510625,16,1.018359853,NA,NA,NA
90,29,52.9,10.45,0.2716,0.04,4,0.3424,0.09,4,400-800,100-200,5.5,10.4,8.35,0.57,0.556666667,15,1.023952096,NA,NA,NA
91,29,52.9,10.45,0.1144,0.04,4,0.3424,0.09,4,400-800,>200,5.6,10.4,8.42,0.63,0.601428571,14,1.047505938,NA,NA,NA
92,29,52.9,10.45,0.2468,0.08,4,0.2416,0.08,4,400-800,100-200,4.7,10.4,7.68,0.6,0.590769231,13,1.015625,NA,NA,NA
93,29,52.9,10.45,0.2714,0.06,4,0.2416,0.08,4,400-800,>200,4.5,10.4,8.48,0.62,0.605714286,14,1.023584906,NA,NA,NA
94,29,52.9,10.45,0.333,0.04,4,0.3536,0.07,4,400-800,100-200,4.8,10.4,8.31,0.6,0.593571429,14,1.010830325,NA,NA,NA
95,29,52.9,10.45,0.3166,0.07,4,0.3536,0.07,4,400-800,>200,4.6,10.4,8.49,0.55,0.530625,16,1.036513545,NA,NA,NA
96,30,10.71,-85.57,0.31,0.07,4,0.188888889,0.086,4,>800,100-200,5.77,26.5,22.1,1.7,0.34,13,5,160.4,16.9,9.49112426
97,31,18.33,108.68,0.435312024,0.017,3,0.379908676,0.09,3,>800,<100,4.44,24.5,21.53,1.51,0.15,15.56,10.06666667,NA,NA,NA
98,31,18.33,108.68,0.468188737,0.012,3,0.379908676,0.09,3,>800,<100,4.44,24.5,21.53,1.51,0.15,15.56,10.06666667,NA,NA,NA
99,31,18.33,108.68,0.365905632,0.011,3,0.379908676,0.09,3,>800,100-200,4.44,24.5,21.53,1.51,0.15,15.56,10.06666667,NA,NA,NA
100,32,34.91,102.88,0.649890591,0.021,5,0.759299781,0.024,5,400-800,100-200,6.87,2.4,36.88,3.62,0.54,10,6.6,510.8,106.47,4.797595567
101,32,34.91,102.88,0.27027027,0.025,5,0.353603604,0.021,5,400-800,100-200,6.87,2.4,36.88,3.62,0.54,9.7,4.7,462.6,106.47,4.344885883
102,33,37.61,101.2,0.73175853,0.09,4,0.746456693,0.08,4,400-800,100-200,7.11,-1.2,59.9,6.08,0.78,9.8,7.794871795,NA,NA,NA
103,33,37.61,101.2,0.514435696,0.014,4,0.54488189,0.032,4,400-800,100-200,7.11,-1.2,59.9,6.08,0.78,9.8,7.794871795,NA,NA,NA
104,34,39.94,-5.77,0.31627907,0.029,4,0.315614618,0.066,4,400-800,NA,NA,9,NA,NA,NA,NA,NA,154,22,7
105,34,39.94,-5.77,0.227906977,0.089,4,0.315614618,0.066,4,400-800,NA,NA,9,NA,NA,NA,NA,NA,174,29,6
106,34,39.94,-5.77,0.466445183,0.093,4,0.467774086,0.058,4,400-800,NA,NA,9,NA,NA,NA,NA,NA,286,35.75,8
107,34,39.94,-5.77,0.465116279,0.019,4,0.467774086,0.058,4,400-800,NA,NA,9,NA,NA,NA,NA,NA,293,36.625,8
108,35,51.56,11.07,0.564471058,0.11,4,0.277045908,0.039,4,400-800,>200,5.1,6.5,4.2,0.40776699,0.92,10.3,0.443224989,421,54,7.796296296
109,35,52.78,11.9,0.376846307,0.16,4,0.310978044,0.05,4,400-800,>200,6.4,9,1.8,0.156521739,0.8,11.5,0.195652174,109,7,15.57142857
110,35,51.56,11.07,0.498602794,0.028,4,0.289021956,0.033,4,400-800,>200,5.1,6.5,4.2,0.40776699,0.92,10.3,0.443224989,421,54,7.796296296
111,35,52.78,11.9,0.350898204,0.177,4,0.299001996,0.055,4,400-800,>200,6.4,9,1.8,0.156521739,0.8,11.5,0.195652174,109,7,15.57142857
112,36,28.11,112.3,0.456481481,0.043,3,0.439506173,0.037,3,>800,>200,6.8,17.1,22.75,2.24,0.66,10.15625,3.393939394,471.1779449,NA,NA
113,37,32.35,119.86,0.312,0.022,3,0.453142857,0.026,3,>800,<100,NA,16.9,NA,NA,NA,NA,NA,NA,NA,NA
114,37,32.35,119.86,0.146714286,0.044,3,0.163428571,0.018,3,>800,<100,NA,16.9,NA,NA,NA,NA,NA,NA,NA,NA
115,37,32.35,119.86,0.137428571,0.013,3,0.146714286,0.011,3,>800,<100,NA,16.9,NA,NA,NA,NA,NA,NA,NA,NA
116,38,46.8,130.2,0.679608586,0.057,3,0.425505051,0.015,3,400-800,NA,6.91,6,29.1,NA,NA,NA,NA,526,111,4.81
117,38,37.43,119.36,0.682765152,0.046,3,0.607007576,0.072,3,400-800,NA,7.47,12.9,16.6,NA,NA,NA,NA,250,196,1.28
118,38,34.3,108.3,0.518623737,0.107,3,0.569128788,0.046,3,400-800,NA,7.27,12,14.9,NA,NA,NA,NA,268,224,1.2
119,38,32.01,118.83,0.346590909,0.036,3,0.316603535,0.044,3,>800,NA,5.03,15.4,18.5,NA,NA,NA,NA,225,88,2.62
120,38,29.28,116.38,0.294332211,0.02,3,0.150883838,0.056,3,>800,NA,4.48,19.2,10.1,NA,NA,NA,NA,338,89.6,3.89
121,38,20.01,110.33,0.351325758,0.017,3,0.122474747,0.022,3,>800,NA,4.92,23,8.56,NA,NA,NA,NA,95.7,47.3,2.03
122,39,38.03,116.73,0.422163588,0.065,4,0.472823219,0.04,4,400-800,<100,NA,15,5.774834437,NA,NA,NA,NA,NA,NA,NA
123,39,38.03,116.73,0.504485488,0.023,4,0.472823219,0.04,4,400-800,<100,NA,15,4.715231788,NA,NA,NA,NA,NA,NA,NA
